[
  {
    "content":
    [
      {
        "type":"input",
        "data":
                [
                  {"label":"Fecha de Ultimo Examen Auditivo", "name": "date_u_auditivo"}
                ],
        "mode":"box",
        "class":["datetime"],
        "col_dim": ["3"]
      }
    ]
  },
  {
    "content":
    [
      {
        "type":"textarea",
        "data":
        [
          {"label":"Causa", "name":"causa"}
        ],
        "class":"box",
        "col_dim":["6"]
      },
      {
        "type":"radio",
        "data":
        [
          {"labels":["Interpretacion"], "name": "interpretacion"}
        ],
        "class":"box",
        "col_dim":["3"],
        "values":
        [
          {"label":"Normal", "value": "normal", "dim":"6"},
          {"label":"Anormal", "value": "anormal", "dim":"6"}
        ]
      }
    ]
  }
]