[
  {
    "content":
    [
      {
        "type": "custom_table",
        "data":
        {
          "titles":
          [
            {
              "dim": "12",
              "block": [
                {
                  "name": "Alteraciones",
                  "dim": "4"
                },
                {
                  "name": "Personal",
                  "dim": "4"
                },
                {
                  "name": "Familiar",
                  "dim": "4"
                }
              ]
            }
          ],
          "options":
          [
            {
              "dim":"12",
              "data":
              {
                "type":"radio",
                "data":
                [
                  {"labels":["Antineoplasicos"], "name": "plasicos"},
                  {"labels":["Exposición a Metales pesados"], "name": "exp_metales"},
                  {"labels":["Vibraciones"], "name":"vibraciones"},
                  {"labels":["Aminoglucosidos"], "name":"aminogluco"},
                  {"labels":["Trauma Acustico"], "name":"t_acustico"},
                  {"labels":["Servicio Militar con Arma de Fuego"], "name":"serv_militar"},
                  {"labels":["Diureticos de Asa"], "name":"diu_asa"},
                  {"labels":["Exposición a Mercurio"], "name":"exp_mercurio"}
                ],
                "class":"line",
                "col_dim":["4"],
                "values":
                [
                  {"value": "personal", "dim":"4"},
                  {"value": "familiar", "dim":"4"}
                ]
              }
            }
          ]
        }
      },
      {
        "type":"textarea",
        "data":
        [
          {"label":"Otro/Descripcion", "name":"a_otro_otro"}
        ],
        "class":"box",
        "col_dim":["6"]
      }
    ]
  }
]