[
  {
    "content":
    [
      {
        "type": "custom_table",
        "data":
        {
          "titles":
          [
            {
              "dim": "12",
              "block": [
                {
                  "name": "Alteraciones",
                  "dim": "4"
                },
                {
                  "name": "Personal",
                  "dim": "4"
                },
                {
                  "name": "Familiar",
                  "dim": "4"
                }
              ]
            }
          ],
          "options":
          [
            {
              "dim":"12",
              "data":
              {
                "type":"radio",
                "data":
                [
                  {"labels":["Otalgia"], "name": "otalgia"},
                  {"labels":["Otaliquia/Otorrea"], "name": "otorrea"},
                  {"labels":["Infeccion de Oidos"], "name":"inf_oido"},
                  {"labels":["Cuerpo Extraño en Oido"], "name":"c_extra_oido"},
                  {"labels":["Hipoacusia"], "name":"hipoacusia"},
                  {"labels":["Tumores en SNC o aparato auditivo"], "name":"snc_auditivo"},
                  {"labels":["Sarampion"], "name":"sarampion"},
                  {"labels":["Paperas"], "name":"paperas"},
                  {"labels":["Sifilis"], "name":"sifil"},
                  {"labels":["Rubeola"], "name":"rubeola"},
                  {"labels":["Cirugía en oido"], "name":"c_oido"},
                  {"labels":["Tinnitus"], "name": "tinnitus"},
                  {"labels":["Mareo"], "name": "mareo"},
                  {"labels":["Vertigo"], "name": "vertigo"},
                  {"labels":["Enfermedad de Meniere"], "name": "meniere"},
                  {"labels":["Hipertension"], "name": "hipertension"},
                  {"labels":["Diabetes"], "name": "diabetes"}
                ],
                "class":"line",
                "col_dim":["4"],
                "values":
                [
                  {"value": "personal", "dim":"4"},
                  {"value": "familiar", "dim":"4"}
                ]
              }
            }
          ]
        }
      },
      {
        "type":"textarea",
        "data":
        [
          {"label":"Otro/Descripcion", "name":"a_fam_otro"}
        ],
        "class":"box",
        "col_dim":["6"]
      }
    ]
  }
]