[
  {
    "content":
    [
      {
        "type": "custom_table",
        "data":
        {
          "titles":
          [
            {
              "dim": "8",
              "block": [
                {
                  "name": "Uso de lentes",
                  "dim": "3"
                },
                {
                  "name": "Si",
                  "dim": "3"
                },
                {
                  "name": "No",
                  "dim": "3"
                },
                {
                  "name":"Aveces",
                  "dim":"3"
                }
              ]
            },
            {
              "dim": "4",
              "block": [
                {
                  "name": "Observaciones",
                  "dim": "12"
                }
              ]
            }
          ],
          "options":
          [
            {
              "dim":"8",
              "data":
              {
                "type":"radio",
                "data":
                [
                  {"labels":["¿Le molesta el ruido?"], "name": "m_ruido"},
                  {"labels":["¿Debe subir el volumen del televisor?"], "name": "television"},
                  {"labels":["¿En una conversación le repiten las frases?"], "name":"conversacion"},
                  {"labels":["¿Escucha bien?"], "name":"esc_bien"},
                  {"labels":["¿Escucha bien cuando hay ruido?"], "name":"esc_ruido"}
                ],
                "class":"line",
                "col_dim":["3"],
                "values":
                [
                  {"value": "si", "dim":"3"},
                  {"value": "no", "dim":"3"},
                  {"value": "aveces", "dim":"3"}
                ]
              }
            },
            {
              "dim":"4",
              "data":
              {
                "type":"textarea",
                "data":
                [
                  {"name": "m_ruido_desc"},
                  {"name": "television_desc"},
                  {"name":"conversacion_desc"},
                  {"name":"esc_bien_desc"},
                  {"name":"esc_ruido_desc"}
                ],
                "class":"line",
                "mode":"hidden",
                "col_dim":["12"]
              }
            }
          ]
        }
      }
    ]
  }
]
