[
  {
    "content": [
      {
        "type": "custom_table",
        "data": {
          "titles": [
            {
              "dim": "8",
              "block": [
                {
                  "name": "Tipo",
                  "dim": "3"
                },
                {
                  "name": "Si",
                  "dim": "3"
                },
                {
                  "name": "No",
                  "dim": "3"
                },
                {
                  "name": "Aveces",
                  "dim": "3"
                }
              ]
            },
            {
              "dim": "1",
              "block": [
                {
                  "name": "Tiempo de Exposición",
                  "dim": "12"
                }
                ]
            },
            {
              "dim": "1",
              "block": [
                {
                  "name": "Frecuencia",
                  "dim": "12"
                }
                ]
            },
            {
              "dim": "1",
              "block": [
                {
                  "name": "Tiempo",
                  "dim": "12"
                }
                ]
            },
            {
              "dim": "1",
              "block": [
                {
                  "name": "EPA",
                  "dim": "12"
                }
                ]
            }
          ],
          "options": [
            {
              "dim":"8",
              "data":
              {
                "type":"radio",
                "data":
                [
                  {"labels":["Uso de Audifonos"], "name": "uso_audi"},
                  {"labels":["Uso de Motocicleta"], "name": "uso_moto"},
                  {"labels":["Usa Vehiculo Automotriz"], "name":"uso_vehi"},
                  {"labels":["Exposición Maquinaria Pesada"], "name":"exp_maqui_pesada"}
                ],
                "class":"line",
                "col_dim":["3"],
                "values":
                [
                  {"value": "si", "dim":"3"},
                  {"value": "no", "dim":"3"},
                  {"value": "aveces", "dim":"3"}
                ]
              }
            },
            {
              "dim":"1",
              "data":
              {
                "type":"input",
                "data":
                        [
                          {"name":"audi_exposicion"},
                          {"name":"moto_exposicion"},
                          {"name":"vehi_exposicion"},
                          {"name":"exp_m_exposicion"}
                        ],
                "mode":"line",
                "class":"number",
                "col_dim":"12"
              }
            },
            {
              "dim":"1",
              "data":
              {
                "type":"input",
                "data":
                [
                  {"name":"audi_frecuencia"},
                  {"name":"moto_frecuencia"},
                  {"name":"vehi_frecuencia"},
                  {"name":"exp_m_frecuencia"}
                ],
                "mode":"line",
                "class":"number",
                "col_dim":"12"
              }
            },
            {
              "dim":"1",
              "data":
              {
                "type":"input",
                "data":
                [
                  {"name":"audi_tiempo"},
                  {"name":"moto_tiempo"},
                  {"name":"vehi_tiempo"},
                  {"name":"exp_m_tiempo"}
                ],
                "mode":"line",
                "class":"number",
                "col_dim":"12"
              }
            },
            {
              "dim":"1",
              "data":
              {
                "type":"input",
                "data":
                [
                  {"name":"audi_epa"},
                  {"name":"moto_epa"},
                  {"name":"vehi_epa"},
                  {"name":"exp_m_epa"}
                ],
                "mode":"line",
                "class":"number",
                "col_dim":"12"
              }
            }
          ]
        }
      }
    ]
  }
]