[
  {
    "content":
    [
      {
        "type":"input",
        "data":
        [
          {"label": "Fecha de Examen", "name": "date_exam"},
          {"label":"Nombre Completo", "name":"nombre"},
          {"label": "Identificacion", "name": "identificacion"},
          {"label": "Lugar de Nacimiento", "name": "nacimiento_place"}
        ],
        "class":["datetime", "text", "text", "text"],
        "mode":"box",
        "col_dim":["3", "3", "3", "3"]
      }
    ]
  },
  {
    "content": [
      {
        "type":"input",
        "data":
              [
                {"label": "Fecha de Nacimiento", "name": "nacimiento_date"},
                {"label": "Sexo", "name": "sexo", "content": "sexo"},
                {"label":"Edad", "name":"edad"},
                {"label": "Estado Civil", "name": "est_civil", "content":"estado"}
              ],
        "mode":"box",
        "class":["datetime", "select", "number", "select"],
        "col_dim":["3", "3", "3", "3"]
      }
    ]
  },
  {
    "content": [
      {
        "type": "input",
        "data":
                [
                  {"label": "Numero de Hijos", "name": "n_hijos"},
                  {"label": "Dirección", "name": "direccion"},
                  {"label": "Telefono", "name": "telefono"},
                  {"label": "Profesión", "name": "profesion"}
                ],
        "mode": "box",
        "class": ["number", "datetime", "number", "text"],
        "col_dim": ["3", "3", "3", "3"]
      }
    ]
  },
  {
    "content":[
      {
        "type": "input",
        "data":
        [
          {"label": "Cargo", "name": "cargo"},
          {"label":"Empresa", "name":"empresa"}
        ],
        "mode":"box",
        "class": ["text", "text"],
        "col_dim": ["3", "3"]
      },
      {
        "type":"radio",
        "data":
        [
          {"labels":["Uso de Protección Auditiva"], "name": "uso_p_auditiva"}
        ],
        "class":"box",
        "col_dim":["3"],
        "values":
        [
          {"label":"Si", "value": "si", "dim":"6"},
          {"label":"No", "value": "no", "dim":"6"}
        ]
      },
      {
        "type": "input",
        "data":
        [
          {"label":"Tipo de Protección Auditiva", "name":"t_proc_auditiva"}
        ],
        "mode":"box",
        "class": ["text"],
        "col_dim": ["3"]
      }
      ]
  },
  {
    "content":[
      {
        "type":"input",
        "data":
                [
                  {"label":"Antiguedad en el Cargo", "name": "antiguedad"},
                  {"label": "Jornada Laboral", "name": "jornada", "content":"jornada"},
                  {"label":"Tipo de Descanso", "name": "descanso"},
                  {"label": "Clase de Examen", "name":"class_exam"},
                  {"label":"Ingreso", "name":"t_ingreso", "content":"ingreso"}
                ],
        "mode":"box",
        "class":["text", "select", "text", "text", "select"],
        "col_dim":["3", "2", "2", "2", "3"]
      }
    ]
  }
]