[
  {
    "content": [
      {
        "type":"input",
        "data":
                [
                  {"label": "Trabajo anterior", "name": "trab_ant"},
                  {"label": "Ocupacion", "name": "ocu_prev"},
                  {"label": "Tiempo", "name": "time_prev"},
                  {"label": "Uso E.P.P (%)", "name": "u_epp"}
                ],
        "mode":"box",
        "class":["text", "text", "number", "number"],
        "col_dim":["3", "3", "2", "2"]
      },
      {
        "type":"radio",
        "data":
        [
          {"labels":["Calificado"], "name": "califi"}
        ],
        "class":"box",
        "col_dim":["2"],
        "values":
        [
          {"label":"Si", "value": "si", "dim":"6"},
          {"label":"No", "value": "no", "dim":"6"}
        ]
      }
    ]
  },
  {
    "content":[
      {
        "type":"checkbox",
        "data":
        [
          {"label":"Riesgo"}
        ],
        "class":"box",
        "col_dim":["12"],
        "values":
        [
          [
            {"label": "Fisico", "value": "si", "name": "r_fisico", "dim": "1"},
            {"label": "Quimico", "name": "r_quimico", "value": "si", "dim": "1"},
            {"label": "Mecanico", "name": "r_mec", "value": "si", "dim": "1"},
            {"label": "Ergonomico", "name": "r_erg", "value": "si", "dim": "2"},
            {"label": "Electrico", "name": "r_elec", "value": "si", "dim": "1"},
            {"label": "Biologico", "name": "r_bio", "value": "si", "dim": "1"},
            {"label": "Psicologico", "name": "r_psicol", "value": "si", "dim": "2"},
            {"label": "Locativo", "name": "r_loca", "value": "si", "dim": "1"},
            {"label": "Seguridad", "value": "si", "name": "r_seg", "dim": "1"}
          ]
        ]
      }
      ]
  },
  {
    "content":
            [
              {
                "type":"radio",
                "data":
                [
                  {"labels":["Accidente de trabajo"], "name": "acc_trab"}
                ],
                "class":"box",
                "col_dim":["3"],
                "values":
                [
                  {"label":"Si", "value": "si", "dim":"6"},
                  {"label":"No", "value": "no", "dim":"6"}
                ]
              },
              {
                "type":"input",
                "data":
                        [
                          {"label": "Fecha de Accidente", "name": "date_acc_trab"},
                          {"label": "Tipo Accidente", "name": "t_accidente"},
                          {"label": "Secuelas Accidente", "name": "s_accidente"}
                        ],
                "mode":"box",
                "class":["datetime", "text", "text"],
                "col_dim":["3", "3", "3"]
              }
            ]
  }
]