[
  {
    "content": [
      {
        "type": "custom_table",
        "data":
        {
          "titles":
          [
            {
              "dim": "12",
              "block": [
                {
                  "name":"Codigo",
                  "dim":"3"
                },
                {
                  "name": "Alteraciones",
                  "dim": "3"
                },
                {
                  "name": "Personales",
                  "dim": "3"
                },
                {
                  "name": "Familiares",
                  "dim": "3"
                }
              ]
            }
          ],
          "options":
                  [
                    {
                      "dim":"12",
                      "data":
                      {
                        "type":"radio",
                        "data":
                        [
                          {"labels":["01", "Problemas de la piel"], "name": "p_priel"},
                          {"labels":["02", "Epilepsia"], "name": "epilepsia"},
                          {"labels":["03", "Auditivas - Sodera"], "name":"aud_sor"},
                          {"labels":["04", "Nasales"], "name":"nasales"},
                          {"labels":["05",  "Oculares"], "name":"oculares"},
                          {"labels":["06", "Respiratorias - TBC"], "name":"res_tbc"},
                          {"labels":["07", "Cardiacas - Circulatorias"], "name":"car_cir"},
                          {"labels":["08", "Hernias"], "name":"hernias"},
                          {"labels":["09", "Musculo - Esqueleticas"], "name":"mus_eque"},
                          {"labels":["10", "Fracturas - Traumaticos"], "name":"fra_tau"},
                          {"labels":["11", "Hematologicas"], "name":"hematologicas"},
                          {"labels":["12", "Alergicas - Asma"], "name": "aler_asma"},
                          {"labels":["13", "Canceroras"], "name":"canceroras"},
                          {"labels":["14", "Diabeticas"], "name":"diabeticas"},
                          {"labels":["15", "HIV"], "name":"hiv"},
                          {"labels":["16", "Cirugías"], "name":"cirugias"},
                          {"labels":["17", "Intoxicaciones"], "name":"intox"}
                        ],
                        "class":"line",
                        "col_dim":["3", "3"],
                        "values":
                        [
                          {"value": "personal", "dim":"3"},
                          {"value": "familiar", "dim":"3"}
                        ]
                      }
                    }
                  ]
        }
      },
      {
        "type":"textarea",
        "data":
        [
          {"labels":["Otras enfermedades"], "name":"otras_enf"}
        ],
        "class":"box",
        "col_dim":["12"]
      }
    ]
  }
]