[
  {
    "content":
            [
              {
                "type":"checkbox",
                "data":
                        [
                          {"label":"Estado"}
                        ],
                "class":"box",
                "col_dim":["2"],
                "values":
                        [
                          [
                            {"label":"No Apto", "name":"no_apto", "value":"apto_sin_limit", "dim":"12"}
                          ]
                        ]
              },
              {
                "type":"textarea",
                "data":
                        [
                          {"label":"Limitaciones", "name":"limitaciones"},
                          {"label":"Recomendaciones laborales", "name":"recom_lab"}
                        ],
                "class":"box",
                "col_dim":["5", "5"]
              }
            ]
  }
]