[
  {
    "content":
            [
              {
                "type":"custom_table",
                "data":
                {
                  "titles":
                          [
                            {
                              "dim":"8",
                              "block":
                                      [
                                        {
                                          "name":"Afectacion",
                                          "dim":"3"
                                        },
                                        {
                                          "name":"Columna Cervical",
                                          "dim":"3"
                                        },
                                        {
                                          "name":"Columna Dorsal",
                                          "dim":"3"
                                        },
                                        {
                                          "name":"Columna Lumbar",
                                          "dim":"3"
                                        }
                                      ]
                            },
                            {
                              "dim":"4",
                              "block":
                                      [
                                        {
                                          "name":"Observaciones",
                                          "dim":"12"
                                        }
                                      ]
                            }
                          ],
                  "options":
                          [
                            {
                              "dim":"8",
                              "data":
                              {
                                "type":"checkbox",
                                "data":
                                        [
                                          {"labels":["Curva"]},
                                          {"labels":["Lordosis"]},
                                          {"labels":["Cifosis"]},
                                          {"labels":["Escoliosis"]}
                                        ],
                                "class":"line",
                                "col_dim":["3"],
                                "values":
                                        [
                                          [
                                            {"label":"Si", "name":"col_vert", "value":"colum_ver_curva", "dim": "3"},
                                            {"label":"Si", "name":"col_dorsal", "value":"colum_dorsal_curva", "dim": "3"},
                                            {"label":"Si", "name":"col_lumbar", "value":"colum_lumbar_curva", "dim": "3"}
                                          ],
                                          [
                                            {"label":"Si", "name":"col_vert", "value":"colum_ver_lordosis", "dim": "3"},
                                            {"label":"Si", "name":"col_dorsal", "value":"colum_dorsal_lordosis", "dim": "3"},
                                            {"label":"Si", "name":"col_lumbar", "value":"colum_lumbar_lordosis", "dim": "3"}
                                          ],
                                          [
                                            {"label":"Si", "name":"col_vert", "value":"colum_ver_cifosis", "dim": "3"},
                                            {"label":"Si", "name":"col_dorsal", "value":"colum_dorsal_cifosis", "dim": "3"},
                                            {"label":"Si", "name":"col_lumbar", "value":"colum_lumbar_cifosis", "dim": "3"}
                                          ],
                                          [
                                            {"label":"Si", "name":"col_vert", "value":"colum_ver_escoliosis", "dim": "3"},
                                            {"label":"Si", "name":"col_dorsal", "value":"colum_dorsal_escoliosis", "dim": "3"},
                                            {"label":"Si", "name":"col_lumbar", "value":"colum_lumbar_escoliosis", "dim": "3"}
                                          ]
                                        ]
                              }
                            },
                            {
                              "dim":"4",
                              "data":
                              {
                                "type":"textarea",
                                "data":
                                [
                                  {"name":"curva_desc"},
                                  {"name":"lordosis_desc"},
                                  {"name":"cifosis_desc"},
                                  {"name":"escoliosis_desc"}
                                ],
                                "class":"line",
                                "mode":"hidden",
                                "col_dim":["12"]
                              }
                            }
                          ]
                }
              }
            ]
  },
  {
    "content":
    [
      {
        "type":"custom_table",
        "data":
        {
          "titles":
          [
            {
              "dim":"12",
              "block":
              [
                {
                  "name":"Organo o sistemas",
                  "dim":"4"
                },
                {
                  "name":"Normal",
                  "dim":"4"
                },
                {
                  "name":"Anormal",
                  "dim":"4"
                }
              ]
            }
          ],
          "options":
          [
            {
              "dim":"12",
              "data":
              {
                "type":"radio",
                "data":
                [
                  {"labels":["Apariencia general"]},
                  {"labels":["Estado nutricional"]},
                  {"labels":["Color y textura"]},
                  {"labels":["Aspecto"]},
                  {"labels":["Lesiones de piel"]},
                  {"labels":["Tolerancia irritantes"]},
                  {"labels":["Uñas"]},
                  {"labels":["Conjuntivas, pupilas, corneas"]},
                  {"labels":["Visión profundidad"]},
                  {"labels":["Visión cromática"]},
                  {"labels":["Visión periférica"]},
                  {"labels":["Forias"]},
                  {"labels":["Pabellones"]},
                  {"labels":["Otoscopia"]},
                  {"labels":["Tavique - cornetes"]},
                  {"labels":["Senos paranasales (transitum)"]},
                  {"labels":["Labios - lengua"]},
                  {"labels":["Faringe"]},
                  {"labels":["Amigdalas"]},
                  {"labels":["Dentadura"]},
                  {"labels":["Inspección cuello - movimientos"]},
                  {"labels":["Palpación cuello y tiroudes"]},
                  {"labels":["Inspección tórax - senos"]},
                  {"labels":["Palpación"]},
                  {"labels":["Auscultación"]},
                  {"labels":["Ritmo"]},
                  {"labels":["Ruidos cardiacos"]},
                  {"labels":["Circulación periférica"]},
                  {"labels":["Otros"]},
                  {"labels":["Inspección"]},
                  {"labels":["Palpación organos (bazo, higado"]},
                  {"labels":["Anillos inguinales - hernias"]},
                  {"labels":["Otros"]},
                  {"labels":["Riñones"]},
                  {"labels":["Genitales externos"]},
                  {"labels":["Otros"]},
                  {"labels":["Curvaturas"]},
                  {"labels":["Mobilidad"]},
                  {"labels":["Tono músculos paravertebrales"]},
                  {"labels":["Otros"]},
                  {"labels":["Inspección mobilidad - miembros superiores"]},
                  {"labels":["Inspección mobilidad - miembros inferiores"]},
                  {"labels":["Músculos"]},
                  {"labels":["Mobilidad dedos de las manos"]},
                  {"labels":["Articulaciones (dinámica)"]},
                  {"labels":["Otros"]},
                  {"labels":["Esfera mental"]},
                  {"labels":["Sensibilidad superficial y profunda"]},
                  {"labels":["Reflejos"]},
                  {"labels":["Otros"]}
                ],
                "class":"line",
                "col_dim":["4"],
                "values":
                        [
                          {"value": "normal", "dim":"4"},
                          {"value": "anormal", "dim":"4"}
                        ]
              }
            }
          ]
        }
      }
    ]
  }
]