[
  {
    "content": [
      {
        "type": "custom_table",
        "data": {
          "titles": [
            {
              "dim": "10",
              "block": [
                {
                  "name": "Codigo",
                  "dim": "2"
                },
                {
                  "name": "Adicciones",
                  "dim": "3"
                },
                {
                  "name": "Si",
                  "dim": "2"
                },
                {
                  "name": "No",
                  "dim": "2"
                },
                {
                  "name": "Abstinencia",
                  "dim": "3"
                }
              ]
            },
            {
              "dim": "2",
              "block": [
                {
                  "name": "Años",
                  "dim": "12"
                }
              ]
            }
          ],
          "options": [
            {
              "dim": "10",
              "data": {
                "type": "radio",
                "data": [
                  {
                    "labels": [
                      "19",
                      "Alcohol"
                    ],
                    "name": "h_alcohol"
                  },
                  {
                    "labels": [
                      "20",
                      "Epilepsia"
                    ],
                    "name": "h_droga"
                  },
                  {
                    "labels": [
                      "21",
                      "Cigarrillo"
                    ],
                    "name": "h_cigarillo"
                  }
                ],
                "class": "line",
                "col_dim": [
                  "2",
                  "3"
                ],
                "values": [
                  {
                    "value": "si",
                    "dim": "2"
                  },
                  {
                    "value": "no",
                    "dim": "2"
                  },
                  {
                    "value": "abstinencia",
                    "dim": "3"
                  }
                ]
              }
            },
            {
              "dim": "2",
              "data": {
                "type": "input",
                "data": [
                  {
                    "name": "h_alcohol_desc"
                  },
                  {
                    "name": "h_droga_desc"
                  },
                  {
                    "name": "h_cigarrillo_desc"
                  }
                ],
                "mode": "line",
                "class": "number",
                "col_dim": [
                  "12"
                ]
              }
            }
          ]
        }
      }
    ]
  },
  {
    "content":
            [
              {
                "type":"section",
                "name":"Detalles",
                "id":"deta_id",
                "body":
                [
                  {
                    "content":
                    [
                      {
                        "type":"radio",
                        "data":
                        [
                          {"labels":["Consumo de alcohol"], "name":"a_det_consumo"}
                        ],
                        "class":"box",
                        "col_dim":["6"],
                        "values":
                        [
                          {"label":"Diaria", "value": "diaria", "dim":"4"},
                          {"label":"Semanal", "value": "semanal", "dim":"4"},
                          {"label":"Ocasional", "value": "ocacional", "dim":"4"}
                        ]
                      },
                      {
                        "type":"radio",
                        "data":
                        [
                          {"labels":["Tiempo (años) de consumo de cigarrillos"], "name":"cig_consumo"}
                        ],
                        "class":"box",
                        "col_dim":["6"],
                        "values":
                        [
                          {"label":"0 - 5", "value": "0_5_anios", "dim":"4"},
                          {"label":"5 - 10", "value": "5_10_anios", "dim":"4"},
                          {"label":"20 +", "value": "20_anios", "dim":"4"}
                        ]
                      }
                    ]
                  },
                  {
                    "content":
                            [
                              {
                                "type":"input",
                                "data":
                                [
                                  {"label":"¿Cúal droga?", "name":"name_droga"},
                                  {"label":"¿Frecuencia de consumo de droga?"},
                                  {"label":"¿Tiempo de fumador?"}
                                ],
                                "mode":"box",
                                "class":["text", "number", "number"],
                                "col_dim":["4","4", "4"]
                              }
                            ]
                  }
                ]
              }
            ]
  }
]