[
  {
    "content": [
      {
        "type":"input",
        "data":
                [
                  {"label": "Fecha de Examen", "name": "date_exam"},
                  {"label": "Nombre Completo", "name": "nombre"},
                  {"label": "Identificacion", "name": "identificacion"},
                  {"label": "Lugar de Nacimiento", "name": "nacimiento_place"}
                ],
        "mode":"box",
        "class":["datetime", "text", "number", "text"],
        "col_dim":["3", "3", "3", "3"]
      }
    ]
  },
  {
    "content": [
      {
        "type": "input",
        "data":
        [
          {"label": "Fecha de Nacimiento", "name": "nacimiento_date"},
          {"label": "Sexo", "name": "sexo", "content":"sexo"},
          {"label": "Estado Civil", "name": "est_civil", "content":"estado"},
          { "label": "Numero de Hijos", "name": "n_hijos"}
        ],
        "mode":"box",
        "class":["datetime", "select", "select", "number"],
        "col_dim": ["3", "3", "3", "3"]
      }
    ]
  },
  {
    "content": [
      {
        "type": "input",
        "data":
        [
          {"label": "Dirección", "name": "direccion"},
          {"label": "Telefono", "name": "telefono"},
          {"label": "Profesión", "name": "profesion"},
          {"label": "Oficio", "name": "oficio"}
        ],
        "mode":"box",
        "class":["text", "number", "text", "text"],
        "col_dim": ["3", "3", "3", "3"]
      }
    ]
  },
  {
    "content":[
      {
        "type": "input",
        "data":
        [
          {"label": "Empresa Contratante", "name": "emp_contra"},
          {"label": "Tipo de Cargo", "name": "t_cargo"}
        ],
        "mode":"box",
        "class":["text", "text"],
        "col_dim": ["3", "3"]
      },
      {
        "type":"radio",
        "data":
        [
          {"labels":["Estudiante en Entrenamiento"], "name": "est_entrenamiento"},
          {"labels":["Aprendiz SENA"], "name": "apr_sena"}
        ],
        "class":"box",
        "col_dim":["3", "3"],
        "values":
        [
          {"label":"Si", "value": "si", "dim":"6"},
          {"label":"No", "value": "no", "dim":"6"}
        ]
      }
    ]
  },
  {
    "content":[
      {
        "type": "input",
        "data":
        [
          {"label":"Cargo a Ejercer", "name": "carg_ejercer"},
          {"label":"No. Patronal", "name": "n_patronal"},
          {"label":"Estrato", "name":"estrato"},
          {"label": "Clase de Examen", "name": "t_exam", "content":"examen"},
          {"label":"Escolaridad", "name":"escola_dad"}
        ],
        "mode":"box",
        "class":["text", "number", "number", "select", "text"],
        "col_dim": ["3", "2", "1", "3", "3"]
      }
    ]
  }
]