[
  {
    "content":
    [
      {
        "type": "custom_table",
        "data":
        {
          "titles":
          [
            {
              "dim": "6",
              "block": [
                {
                  "name": "Enfermedad",
                  "dim": "4"
                },
                {
                  "name": "Si",
                  "dim": "4"
                },
                {
                  "name": "No",
                  "dim": "4"
                }
              ]
            },
            {
              "dim": "6",
              "block": [
                {
                  "name": "Observaciones",
                  "dim": "12"
                }
              ]
            }
          ],
          "options":
          [
            {
              "dim":"6",
              "data":
              {
                "type":"radio",
                "data":
                [
                  {"labels":["Hipertension"], "name": "hiper"},
                  {"labels":["Diabetes"], "name": "diabetes"},
                  {"labels":["Colesterol Alto"], "name":"col_alto"},
                  {"labels":["Glaucoma"], "name":"glaucoma"},
                  {"labels":["Migraña"], "name":"migrania"},
                  {"labels":["Catarata"], "name":"catarata"},
                  {"labels":["Cx ocular"], "name":"cx_ocu"},
                  {"labels":["Trauma"], "name":"trauma"},
                  {"labels":["Cuerpo extraño"], "name":"cuer_ext"},
                  {"labels":["Hipermetropia"], "name":"hip_tropia"},
                  {"labels":["Miopia"], "name":"miopia"},
                  {"labels":["Astigmatismo"], "name": "astigma"}
                ],
                "class":"line",
                "col_dim":["4"],
                "values":
                [
                  {"value": "si", "dim":"4"},
                  {"value": "no", "dim":"4"}
                ]
              }
            },
            {
              "dim":"6",
              "data":
              {
                "type":"textarea",
                "data":
                [
                  {"name":"hiper_desc"},
                  {"name":"diabetes_desc"},
                  {"name":"col_alto_desc"},
                  {"name":"glaucoma_desc"},
                  {"name":"migrania_desc"},
                  {"name":"catarata_desc"},
                  {"name":"cx_ocu_desc"},
                  {"name":"trauma_desc"},
                  {"name":"cuer_ext_desc"},
                  {"name":"hip_tropia_desc"},
                  {"name":"miopia_desc"},
                  {"name": "astigma_desc"}
                ],
                "class":"line",
                "mode":"hidden",
                "col_dim":["12"]
              }
            }
          ]
        }
      }
    ]
  }
]