[
  {
    "content":
    [
      {
        "type": "custom_table",
        "data":
        {
          "titles":
          [
            {
              "dim": "6",
              "block": [
                {
                  "name": "Uso de lentes",
                  "dim": "4"
                },
                {
                  "name": "Si",
                  "dim": "4"
                },
                {
                  "name": "No",
                  "dim": "4"
                }
              ]
            },
            {
              "dim": "6",
              "block": [
                {
                  "name": "Observaciones",
                  "dim": "12"
                }
              ]
            }
          ],
          "options":
          [
            {
              "dim":"6",
              "data":
              {
                "type":"radio",
                "data":
                [
                  {"labels":["Cerca"], "name": "cerca"},
                  {"labels":["Lejos"], "name": "lejos"},
                  {"labels":["Bifocales"], "name":"bifocales"},
                  {"labels":["Progresivos"], "name":"progresivos"},
                  {"labels":["Contacto"], "name":"contacto"},
                  {"labels":["Oscuros"], "name":"oscuros"},
                  {"labels":["Filtro"], "name":"filtro"},
                  {"labels":["Hiperemia"], "name":"hiperemia"},
                  {"labels":["Pterigion"], "name":"ptetigion"},
                  {"labels":["Descamacion en parpados"], "name":"des_parpados"},
                  {"labels":["Secrecion"], "name":"secrecion"},
                  {"labels":["Pigmentacion"], "name": "pigmen"},
                  {"labels":["Estrabismo"], "name": "estra"},
                  {"labels":["Otros"], "name": "uso_otro"}
                ],
                "class":"line",
                "col_dim":["4"],
                "values":
                [
                  {"value": "si", "dim":"4"},
                  {"value": "no", "dim":"4"}
                ]
              }
            },
            {
              "dim":"6",
              "data":
              {
                "type":"textarea",
                "data":
                [
                  {"name": "cerca_desc"},
                  {"name": "lejos_desc"},
                  {"name":"bifocales_desc"},
                  {"name":"progresivos_desc"},
                  {"name":"contacto_desc"},
                  { "name":"oscuros_desc"},
                  {"name":"filtro_desc"},
                  {"name":"hiperemia_desc"},
                  {"name":"ptetigion_desc"},
                  {"name":"des_parpados_desc"},
                  {"name":"secrecion_desc"},
                  {"name": "pigmen_desc"},
                  {"name": "estra_desc"},
                  {"name": "uso_otro_desc"}
                ],
                "class":"line",
                "mode":"hidden",
                "col_dim":["12"]
              }
            }
          ]
        }
      }
    ]
  }
]