
[
  {
    "content": [
      {
        "type":"input",
        "data":
                [
                  {"label": "Fecha de Examen", "name": "date_exam"},
                  {"label": "Nombre Completo", "name": "nombre"},
                  {"label": "Identificacion", "name": "identificacion"},
                  {"label": "Lugar de Nacimiento", "name": "nacimiento_place"}
                ],
        "mode":"box",
        "class":["datetime", "text", "number", "text"],
        "col_dim":["3", "3", "3", "3"]
      }
    ]
  },
  {
    "content": [
      {
        "type": "input",
        "data":
                [
                  {"label": "Fecha de Nacimiento", "name": "nacimiento_date"},
                  {"label":"Edad", "name":"edad"},
                  {"label": "Sexo", "name": "sexo", "content":"sexo"},
                  {"label": "Estado Civil", "name": "est_civil", "content":"estado"}
                ],
        "mode":"box",
        "class":["datetime", "number", "select", "select"],
        "col_dim": ["3", "3", "3", "3"]
      }
    ]
  },
  {
    "content": [
      {
        "type": "input",
        "data":
        [
          { "label": "Numero de Hijos", "name": "n_hijos"},
          {"label": "Dirección", "name": "direccion"},
          {"label": "Telefono", "name": "telefono"},
          {"label": "Profesión", "name": "profesion"}
        ],
        "mode":"box",
        "class":["number", "text", "number", "text"],
        "col_dim": ["3", "3", "3", "3"]
      }
    ]
  },
  {
    "content":[
      {
        "type": "input",
        "data":
        [
          {"label": "Cargo al que aspira", "name": "cargo"},
          {"label": "Seccion", "name": "seccion"},
          {"label":"Empresa", "name":"empresa"},
          {"label":"Estrato", "name":"estrato"}
        ],
        "mode":"box",
        "class":["text", "text", "text", "text"],
        "col_dim": ["3", "3", "3", "3"]
      }
    ]
  },
  {
    "content":[
      {
        "type": "input",
        "data":
        [
          {"label":"Ultimo Examen Visual ", "name": "ult_exam_v"},
          {"label":"Escolaridad", "name": "escola"},
          {"label":"Empresa", "name":"empresa"},
          {"label": "Clase de Examen", "name": "t_exam", "content":"examen"}
        ],
        "mode":"box",
        "class":["datetime", "text", "text", "select"],
        "col_dim": ["3", "3", "3", "3"]
      }
    ]
  }
]