[
  {
    "content":
            [
              {
                "type": "custom_table",
                "data":
                {
                  "titles":
                          [
                            {
                              "dim": "6",
                              "block": [
                                {
                                  "name": "Sintomas",
                                  "dim": "4"
                                },
                                {
                                  "name": "Si",
                                  "dim": "4"
                                },
                                {
                                  "name": "No",
                                  "dim": "4"
                                }
                              ]
                            },
                            {
                              "dim": "6",
                              "block": [
                                {
                                  "name": "Observaciones",
                                  "dim": "12"
                                }
                              ]
                            }
                          ],
                  "options":
                          [
                            {
                              "dim":"6",
                              "data":
                              {
                                "type":"radio",
                                "data":
                                [
                                  {"labels":["Ardor"], "name": "ardor"},
                                  {"labels":["Dolor"], "name": "dolor"},
                                  {"labels":["Cefalia"], "name":"cefalia"},
                                  {"labels":["Fatiga visual"], "name":"fati visua"},
                                  {"labels":[ "Lagrimeo"], "name":"lagrimeo"},
                                  {"labels":["Fotofobia"], "name":"fotofobia"},
                                  {"labels":["Cansancio al leer"], "name":"can_leer"},
                                  {"labels":["Prurito"], "name":"prurito"},
                                  {"labels":["Salto de lineas al leer"], "name":"salt_leer"},
                                  {"labels":["Secreciones"], "name":"secreciones"},
                                  {"labels":["Mala vision de lejos"], "name":"mal_lejos"},
                                  {"labels":["Mala vision de cerca"], "name": "mal_cerca"}
                                ],
                                "class":"line",
                                "col_dim":["4"],
                                "values":
                                [
                                  {"value": "si", "dim":"4"},
                                  {"value": "no", "dim":"4"}
                                ]
                              }
                            },
                            {
                              "dim":"6",
                              "data":
                              {
                                "type":"textarea",
                                "data":
                                [
                                  {"name":"ardor_desc"},
                                  {"name":"dolor_desc"},
                                  {"name":"cefalia_desc"},
                                  {"name":"fati visua_desc"},
                                  {"name":"lagrimeo_desc"},
                                  {"name":"fotofobia_desc"},
                                  {"name":"can_leer_desc"},
                                  {"name":"prurito_desc"},
                                  {"name":"salt_leer_desc"},
                                  {"name":"secreciones_desc"},
                                  {"name":"mal_lejos_desc"},
                                  {"name": "mal_cerca_desc"}
                                ],
                                "class":"line",
                                "mode":"hidden",
                                "col_dim":["12"]
                              }
                            }
                          ]
                }
              }
            ]
  }
]