[
  {
    "content":
            [
              {
                "type":"input",
                "data":
                        [
                          {"label":"Empresa", "name":"empresa"},
                          {"label": "Fecha", "name": "date"}
                        ],
                "mode":"box",
                "class":["text", "datetime"],
                "col_dim":["6", "6"]
              }
            ]
  },
  {
    "content":
            [
              {
                "type":"input",
                "data":
                        [
                          {"label":"Misión", "name":"mision"},
                          {"label":"Certificado Para", "name":"certificado", "content":"certificado"}
                        ],
                "mode":"box",
                "class":["text", "select"],
                "col_dim":["6", "6"]
              }
            ]
  },
  {
    "content":
            [
              {
                "type":"input",
                "data":
                        [
                          {"label":"Nombre", "name":"nombre"},
                          {"label":"Apellidos", "name":"apellido"},
                          {"label":"Identificación", "name":"identificacion"},
                          {"label":"Sexo", "name":"sexo", "content":"sexo"}
                        ],
                "mode":"box",
                "class":["text", "text", "number", "select"],
                "col_dim":["3", "3", "3", "3"]
              }
            ]
  }
]